row_index,claim_id,predicted_reason,predicted_probability
1,2.0,normal,0.494192221227022
2,3.0,normal,0.5208098069573857
3,4.0,normal,0.5231879819388796
4,5.0,normal,0.5397378719194896
5,6.0,normal,0.48029108792949865
6,7.0,normal,0.5324577391273869
7,8.0,normal,0.47012291178798415
9,10.0,normal,0.5021310537030632
10,11.0,normal,0.5237172192040347
11,12.0,normal,0.5039824944154281
12,13.0,normal,0.5090763878164817
13,14.0,normal,0.5178157254991859
15,16.0,normal,0.5132314795846638
16,17.0,normal,0.5052996020024796
17,18.0,normal,0.533122147077114
18,19.0,normal,0.5080651784492891
19,20.0,normal,0.5298177378553799
20,21.0,normal,0.5200619757561007
21,22.0,normal,0.5369064595094106
22,23.0,normal,0.5342986371946444
23,24.0,normal,0.4949237409453117
24,25.0,normal,0.49607099618473904
25,26.0,normal,0.4914234332085072
26,27.0,normal,0.5236128084797886
28,29.0,normal,0.5161290291049538
29,30.0,normal,0.49469608754076744
30,31.0,normal,0.5004823316562336
31,32.0,normal,0.5005601669396965
32,33.0,normal,0.5222057958895526
33,34.0,normal,0.5311547390873916
34,35.0,normal,0.5195554898742537
35,36.0,normal,0.5317517836771446
36,37.0,normal,0.5109333779186527
37,38.0,outliers_iqr,0.3815024728617551
38,39.0,normal,0.5493025155366349
39,40.0,normal,0.5220581392448349
40,41.0,normal,0.5320625897450326
41,42.0,normal,0.5261286350494412
42,43.0,normal,0.506258205561612
43,44.0,normal,0.5413383233912197
44,45.0,normal,0.5318101886887429
45,46.0,normal,0.5200819252046207
46,,normal,0.5181682763327932
47,48.0,normal,0.49634067240925184
48,49.0,normal,0.5087187494502808
49,50.0,normal,0.5184698383554027
50,,normal,0.4980957418409337
51,52.0,normal,0.531567359092885
52,53.0,normal,0.5197567790557615
53,54.0,normal,0.5385207956163819
54,55.0,normal,0.5326874534968536
55,56.0,normal,0.5352774375737999
56,57.0,anomalies_isolation_forest,0.9758968486274461
57,58.0,normal,0.5492244940114648
58,59.0,normal,0.5154696256967667
59,60.0,normal,0.49191092959421506
60,61.0,normal,0.4888994485916885
61,62.0,normal,0.518851066643983
62,63.0,normal,0.5241697155742449
63,64.0,normal,0.5141333869048385
64,65.0,normal,0.5335320695497592
65,66.0,normal,0.5217219146224623
66,67.0,anomalies_isolation_forest,0.9774993025477007
67,68.0,normal,0.5424553149739348
68,69.0,normal,0.5265610805621124
69,70.0,normal,0.5290351209523078
70,71.0,normal,0.5068499878614668
71,72.0,normal,0.5431198453575682
72,,normal,0.3602645256685438
73,74.0,normal,0.5395114125543771
74,75.0,normal,0.5250868603518176
75,76.0,normal,0.5146650737123618
76,77.0,normal,0.5288529793277849
77,78.0,normal,0.526254802727252
78,79.0,normal,0.508949937992986
79,80.0,normal,0.5089045387553051
80,81.0,normal,0.5123351240061781
81,82.0,normal,0.46292224105564495
82,83.0,normal,0.510345344028232
83,84.0,normal,0.5036437066105091
84,85.0,normal,0.49582357633516866
85,,normal,0.5251417740836157
86,87.0,normal,0.5360901478281999
87,88.0,normal,0.48081246563563257
89,90.0,normal,0.486936160107102
90,91.0,normal,0.526063239547542
91,92.0,normal,0.5044940729878841
92,93.0,normal,0.5221958170519301
93,94.0,normal,0.5175693225607894
94,95.0,normal,0.5043048894602615
95,96.0,normal,0.5352485445674466
96,97.0,normal,0.5451436670536538
97,98.0,normal,0.5175551504608593
99,100.0,normal,0.534695150855043
100,101.0,normal,0.508811783039017
101,102.0,normal,0.5437824384696133
102,103.0,normal,0.47191538655148796
103,104.0,normal,0.498819497847556
104,105.0,normal,0.5259587511782877
105,106.0,normal,0.5087725630767473
106,107.0,normal,0.5219711590459634
107,108.0,normal,0.4815497948574085
108,109.0,normal,0.5141915859301316
109,110.0,normal,0.5096095740565344
110,111.0,normal,0.5285433398070105
111,112.0,normal,0.5206792598335164
112,113.0,normal,0.5233992011581552
113,114.0,normal,0.540128780059978
115,116.0,normal,0.5180540292447815
116,117.0,normal,0.5608336993887381
117,118.0,normal,0.5421480388173799
118,119.0,normal,0.5416206278312038
119,120.0,normal,0.5266136981644417
120,121.0,normal,0.5382767583272644
121,122.0,normal,0.5267931893043737
122,123.0,normal,0.478102816022529
123,124.0,normal,0.5253336003571869
124,125.0,normal,0.5199186830059946
125,126.0,normal,0.5194970525272108
126,127.0,normal,0.5310114745616312
127,128.0,normal,0.5219623257512105
128,,normal,0.4953864683074298
131,132.0,normal,0.5391702921035958
132,133.0,normal,0.546747858248027
133,134.0,normal,0.5200848091229076
134,135.0,normal,0.5110523394821787
136,137.0,normal,0.5220810797119978
137,138.0,normal,0.5317189189507149
138,139.0,normal,0.5311809058071899
139,140.0,normal,0.5259674594419524
140,141.0,normal,0.5048697113211081
141,142.0,normal,0.5432985069905487
142,143.0,normal,0.45082906297015185
144,145.0,normal,0.5049221232398751
145,146.0,normal,0.5086841719544452
146,147.0,normal,0.5312056776467611
147,148.0,normal,0.5465151499424419
148,149.0,normal,0.5123930518430939
149,150.0,normal,0.5470452271362921
150,151.0,normal,0.49843827544184355
151,152.0,normal,0.5272433261364078
152,153.0,normal,0.519778951228058
153,154.0,normal,0.5393620351508148
154,155.0,normal,0.5241507844798022
155,156.0,normal,0.5166504646510016
156,157.0,normal,0.5211509537567598
157,,normal,0.5294448762980605
158,159.0,normal,0.5361429767730781
159,160.0,normal,0.5039362601821269
160,161.0,normal,0.5152010116218305
161,162.0,normal,0.5037985688461992
162,163.0,normal,0.5284226975113352
163,164.0,normal,0.5382422351969633
164,165.0,normal,0.5424114698800592
165,166.0,normal,0.5267567783350592
166,167.0,normal,0.5134161956457031
167,168.0,normal,0.521133948319948
168,169.0,normal,0.5431889881295571
169,170.0,normal,0.5398259736851626
170,171.0,normal,0.4825069245402854
171,172.0,normal,0.4176991101756009
172,173.0,normal,0.5301466189139127
173,174.0,normal,0.5272873561694122
174,175.0,normal,0.5125422838763829
175,176.0,normal,0.5309986279346607
176,177.0,normal,0.5100435317868914
177,178.0,normal,0.5276913879367825
178,179.0,normal,0.48792780226774185
179,180.0,normal,0.525463061539807
180,181.0,normal,0.5108120272462753
181,182.0,normal,0.5345573919893909
182,183.0,normal,0.5215439813770042
183,184.0,normal,0.523450255706161
184,185.0,normal,0.5213813692989241
185,186.0,normal,0.5253779891699522
186,187.0,normal,0.517289937364213
187,188.0,normal,0.5236889747655565
188,189.0,normal,0.539425736720597
189,190.0,normal,0.5395393672839873
190,191.0,normal,0.5171455564361405
191,192.0,normal,0.4880617167149135
192,193.0,anomalies_isolation_forest,0.9486726995726674
193,194.0,normal,0.5111658228067719
194,195.0,normal,0.5142884188468508
195,196.0,normal,0.5540625513395748
196,197.0,normal,0.5270260162089995
197,198.0,normal,0.5399114257318401
198,199.0,normal,0.5382067011096963
199,200.0,normal,0.501856696282263
200,201.0,normal,0.5248392393750249
201,202.0,normal,0.4872247361737559
203,204.0,normal,0.5095929096999655
204,205.0,normal,0.5189554555968585
205,206.0,normal,0.5375205958679593
206,207.0,normal,0.5083563415425502
207,208.0,normal,0.5164522457065936
208,209.0,normal,0.531499670427654
209,210.0,normal,0.5064096995620168
210,211.0,normal,0.533059481552566
211,212.0,normal,0.5236016568261999
212,213.0,normal,0.5174752148553989
213,214.0,normal,0.47667541921249595
214,215.0,normal,0.4659641640105161
215,,normal,0.5361632003005757
216,217.0,normal,0.49985374606440214
217,218.0,normal,0.552532139277425
218,219.0,normal,0.5261505704299037
219,220.0,normal,0.47848775511696096
221,222.0,normal,0.5216365257788544
223,224.0,normal,0.5370815595470978
224,225.0,normal,0.5058586277981432
225,226.0,normal,0.5296056590481142
226,227.0,normal,0.5057779692105273
227,228.0,normal,0.5372727813379905
228,229.0,normal,0.514889545410307
229,230.0,normal,0.5513623289581648
230,231.0,normal,0.5341808876465106
231,232.0,normal,0.5023542431828627
233,234.0,normal,0.4893538513758119
234,235.0,normal,0.5181291655543574
235,236.0,normal,0.5275316847032427
236,237.0,normal,0.49783301242264344
237,238.0,normal,0.5212445857269867
238,239.0,normal,0.5353892997790951
239,240.0,normal,0.5340819053909995
240,241.0,normal,0.5341010373254524
241,242.0,normal,0.5065886661912321
242,243.0,normal,0.5351943755953894
245,246.0,normal,0.5152241077047497
246,247.0,normal,0.503796963609069
248,,normal,0.5062999372951078
249,250.0,anomalies_isolation_forest,0.9463245364268904
250,251.0,normal,0.5366999921295408
251,252.0,normal,0.5317531828894778
252,253.0,anomalies_isolation_forest,0.9912354215029908
253,254.0,normal,0.5116050904028153
254,255.0,normal,0.5154422985857376
255,256.0,normal,0.5481246019352406
256,257.0,normal,0.5298724512240626
257,258.0,normal,0.5493183379997463
258,,normal,0.46119823567807233
259,260.0,normal,0.5281406047039651
260,261.0,normal,0.48393589823218636
263,264.0,normal,0.5062100473981849
264,265.0,normal,0.4844577967056507
266,267.0,normal,0.5191784187813154
268,269.0,normal,0.5101189052598489
269,270.0,normal,0.5351728819804051
270,271.0,normal,0.5137837515176109
271,,normal,0.5404114643840325
272,273.0,normal,0.5191137165991031
273,274.0,normal,0.5070592950169776
274,275.0,normal,0.5239121352170971
275,276.0,normal,0.5068411148643701
276,277.0,normal,0.5185765964898038
277,278.0,normal,0.4754208694760269
278,279.0,normal,0.5040075270836768
279,280.0,normal,0.5437853326656468
280,281.0,normal,0.5165216002944213
281,282.0,normal,0.5223973618047028
282,,normal,0.5018169059344967
283,284.0,normal,0.5376357207355247
284,285.0,normal,0.5370900565485086
285,286.0,normal,0.5190922463669663
286,287.0,normal,0.529097078332427
287,288.0,normal,0.5198470145301796
288,289.0,normal,0.539035309304929
289,290.0,normal,0.5288977857560551
290,291.0,normal,0.5126488974988395
292,293.0,normal,0.4746821853015432
293,294.0,normal,0.5118178730250403
294,295.0,normal,0.5226992610745999
295,296.0,normal,0.536437729323637
296,,normal,0.506204625955541
297,298.0,normal,0.5159778130111311
298,299.0,normal,0.5194325787944811
299,300.0,normal,0.5597464538661829
300,301.0,normal,0.5220458570634972
302,303.0,normal,0.5195742967708025
303,304.0,normal,0.516638643710489
304,305.0,normal,0.5312010047427388
305,306.0,normal,0.4858472972919898
306,307.0,normal,0.5279908923504802
307,308.0,anomalies_isolation_forest,0.9998517488925507
308,309.0,normal,0.5038336614000787
309,310.0,normal,0.5339777790458684
310,311.0,anomalies_isolation_forest,0.9094271641225984
311,,normal,0.5100546743530386
313,314.0,normal,0.5116099888348503
314,315.0,normal,0.5318150583079453
315,316.0,normal,0.5016223913962301
316,317.0,normal,0.46178839502356117
318,319.0,normal,0.5178816062702817
320,321.0,normal,0.5134322479029005
321,,normal,0.5249604128666996
322,323.0,normal,0.503295351981548
323,324.0,normal,0.509114425228741
324,325.0,normal,0.5123825282303235
325,326.0,normal,0.5462967770992965
326,327.0,normal,0.49850883055395817
327,328.0,normal,0.531376925218108
328,329.0,normal,0.520616647196718
329,330.0,normal,0.49852814692740005
330,331.0,normal,0.5141744305119209
331,332.0,normal,0.5436771178034913
332,333.0,normal,0.5291700511127408
333,334.0,normal,0.5228346974164035
334,335.0,normal,0.5198315772342953
335,336.0,normal,0.5102102335819586
336,337.0,normal,0.5092404041082986
337,338.0,normal,0.5422420519919268
338,339.0,normal,0.48253449509137836
339,340.0,normal,0.5001290530124122
340,341.0,normal,0.5174687628443567
341,342.0,normal,0.53226955097106
342,343.0,normal,0.5236116338069388
344,345.0,normal,0.4973656191053122
347,348.0,normal,0.5174829184560824
348,349.0,normal,0.5323102099393505
349,350.0,normal,0.5206695949924561
350,351.0,normal,0.5147177464146506
351,352.0,normal,0.5496131631721984
352,353.0,normal,0.5328357433150619
353,354.0,normal,0.5300414251891103
354,355.0,normal,0.5019627347132489
355,,normal,0.5058347525240289
356,357.0,normal,0.5219601297290061
357,358.0,normal,0.5061239422886721
358,359.0,normal,0.5235993371805999
359,360.0,normal,0.5098630837667991
360,361.0,normal,0.5167439126337082
361,362.0,normal,0.5112822997352854
362,363.0,normal,0.5509050973434003
363,364.0,normal,0.501152168178264
364,365.0,normal,0.549469259910604
365,366.0,anomalies_isolation_forest,0.997201865221596
366,367.0,normal,0.526595427113737
368,369.0,normal,0.5279055389121271
369,370.0,normal,0.49331708489778137
370,371.0,normal,0.5152811813618028
371,372.0,normal,0.5092356603848516
373,374.0,normal,0.5297763500265374
374,375.0,normal,0.5174378517693998
375,376.0,normal,0.5547371920196101
376,377.0,normal,0.5268399503335733
377,,normal,0.5089792052652722
378,379.0,normal,0.5346078292538545
379,380.0,normal,0.5407345350600606
380,381.0,normal,0.535740018135134
381,382.0,normal,0.49360351192489055
382,383.0,normal,0.5049240499756422
383,384.0,normal,0.5118344416948744
384,,normal,0.5378568215345138
387,388.0,normal,0.524356712832789
388,389.0,normal,0.523721944418085
390,391.0,normal,0.5038182194585843
391,392.0,normal,0.5315961221565451
392,393.0,normal,0.533272256079896
393,394.0,normal,0.49969135054330693
394,395.0,anomalies_isolation_forest,0.4391424983155664
396,397.0,normal,0.5582729780727413
397,398.0,normal,0.5358598112255494
398,399.0,normal,0.5303143875083134
400,401.0,normal,0.4934439605269798
401,402.0,normal,0.5200970643880473
402,403.0,normal,0.5406240194312009
403,404.0,normal,0.508960226259705
404,405.0,normal,0.5176537065918936
405,406.0,normal,0.5247586831322172
406,407.0,normal,0.5252617048187285
408,409.0,normal,0.5047520386547364
409,410.0,normal,0.5217672826563386
410,411.0,normal,0.5328737827077775
411,412.0,normal,0.42062805274315895
412,413.0,normal,0.5487538951104791
413,414.0,normal,0.5445101518761102
414,415.0,normal,0.5261814079205153
415,416.0,normal,0.49723009800298146
416,,normal,0.5015788745308858
417,418.0,normal,0.517642596213176
418,419.0,normal,0.517833576706285
419,420.0,normal,0.47758215329113424
420,421.0,normal,0.49504607879150236
421,422.0,normal,0.5256918661138744
423,424.0,normal,0.53053645931611
424,425.0,normal,0.5055105797499719
425,426.0,normal,0.5436707119773209
426,427.0,normal,0.5002542059130662
427,428.0,normal,0.5142497751369821
428,429.0,normal,0.5557531572520559
429,430.0,normal,0.48859964166481934
430,431.0,normal,0.5232354839617427
431,432.0,normal,0.5205474181170288
432,,normal,0.50650581912579
433,434.0,normal,0.5280302496260294
434,435.0,normal,0.5294669086463086
435,436.0,normal,0.5412274620194862
436,437.0,normal,0.5175506430263522
439,440.0,normal,0.5202743314716125
440,441.0,normal,0.5050152925974751
441,442.0,normal,0.5224047037464548
442,443.0,normal,0.49463297756217506
443,444.0,normal,0.47550884701705326
444,,normal,0.519699385713528
445,446.0,normal,0.5326385975054327
446,447.0,normal,0.5275837460914976
448,449.0,normal,0.5289765633399603
449,450.0,normal,0.4982556248167271
450,451.0,normal,0.5163578724823317
451,,normal,0.5157383731234455
452,453.0,anomalies_isolation_forest,0.9997036801440141
453,454.0,normal,0.5045553183949145
454,455.0,normal,0.532666924164346
455,456.0,normal,0.5268199219961923
456,457.0,normal,0.5528954987431643
457,458.0,normal,0.5248706515336473
458,459.0,normal,0.510623267597565
459,460.0,anomalies_isolation_forest,0.9638399473116679
460,461.0,normal,0.5117033261723085
461,462.0,normal,0.5332560672154647
462,463.0,normal,0.5133811996786726
463,464.0,normal,0.4904748760122741
464,465.0,normal,0.5438434036772779
466,467.0,normal,0.513365657178562
468,469.0,normal,0.48280084544273466
469,470.0,normal,0.4986988922278185
470,471.0,normal,0.5289760039150575
471,472.0,normal,0.4966044699086482
472,473.0,normal,0.5232413353242815
474,475.0,normal,0.5021076739052427
475,476.0,normal,0.5121964446424576
476,477.0,normal,0.49924825565125214
477,478.0,normal,0.5283919769342195
478,479.0,normal,0.5078063132619051
479,480.0,normal,0.5333407106313657
481,482.0,normal,0.5242531580631757
482,483.0,normal,0.5303996151639387
484,485.0,normal,0.5182570032758436
485,486.0,normal,0.5334551025448087
486,487.0,normal,0.5133184696150478
487,,normal,0.5083843643628156
488,489.0,normal,0.5132958831996425
489,490.0,normal,0.5219106479457638
490,491.0,normal,0.474781352243824
491,492.0,normal,0.5081808224809632
492,493.0,normal,0.5129858534572002
494,495.0,normal,0.5201698118715604
495,496.0,normal,0.5075001496000398
496,497.0,normal,0.5368322261327728
497,498.0,normal,0.5447580624099118
499,500.0,normal,0.5210515306372191
500,501.0,normal,0.5493442919398056
501,502.0,normal,0.5059565629943632
502,503.0,normal,0.5163105188086969
503,504.0,normal,0.5021799133775529
505,506.0,normal,0.5206627619743417
506,507.0,normal,0.5274586211386846
507,508.0,normal,0.5167439398038863
508,509.0,normal,0.523277794740077
509,510.0,normal,0.46900306652268836
510,,normal,0.5004996447408144
512,513.0,normal,0.5263069737660222
513,514.0,normal,0.5199942516532615
514,515.0,normal,0.48995193327135744
515,516.0,normal,0.5443386893043913
516,517.0,normal,0.5140864725216276
517,518.0,normal,0.5434806866735882
518,519.0,normal,0.5181622007114993
519,520.0,normal,0.5371959074828736
520,521.0,normal,0.5204174527228805
522,523.0,normal,0.5174380529286732
523,524.0,normal,0.4808430778270777
524,525.0,normal,0.48305123578677794
525,526.0,normal,0.528521298807836
526,527.0,normal,0.5112237319422109
527,528.0,normal,0.5502502206044835
528,529.0,normal,0.4971900102693421
529,530.0,normal,0.5085088171708116
531,532.0,normal,0.5488679041295087
532,533.0,normal,0.5285290736554209
533,534.0,normal,0.5244028532295958
534,535.0,normal,0.5205074610162432
535,536.0,normal,0.5526059221514906
536,537.0,normal,0.5267466369358337
537,538.0,normal,0.5303823982487054
538,539.0,normal,0.5128743144180428
539,540.0,normal,0.5487489709728189
540,541.0,normal,0.5111733776596942
541,542.0,normal,0.5550226671994486
542,543.0,normal,0.55309687843531
543,544.0,normal,0.5210461491624316
544,545.0,normal,0.5233355346630042
545,546.0,normal,0.5410203887990866
546,547.0,normal,0.538467496904295
547,548.0,normal,0.5285319271979914
548,549.0,normal,0.49914335771841234
549,550.0,normal,0.5057155610393241
551,552.0,normal,0.5270017516033789
552,553.0,normal,0.5021188272470056
553,554.0,normal,0.5282304339894014
554,555.0,normal,0.5074967101980268
555,556.0,normal,0.5131006563561338
556,557.0,normal,0.5044506756032029
558,,normal,0.4992616876187414
559,560.0,normal,0.5091604195988357
560,561.0,normal,0.46897494953020974
561,562.0,normal,0.5340168786465878
562,563.0,normal,0.5323030635148042
563,564.0,normal,0.5092001129822838
564,565.0,normal,0.4986185469279591
565,566.0,normal,0.5379718737856509
566,567.0,normal,0.5318325204631521
567,568.0,normal,0.5421850230890076
568,569.0,normal,0.5208249512336596
569,570.0,normal,0.534575950954373
571,572.0,normal,0.526017892455692
572,573.0,normal,0.5389544217538066
573,574.0,normal,0.5353547125859823
574,575.0,normal,0.5428323703186633
575,576.0,normal,0.508281058142313
576,577.0,normal,0.49345457937719434
577,578.0,normal,0.5042874260008411
578,579.0,normal,0.5185809402169154
579,580.0,normal,0.541471683825899
580,581.0,normal,0.5150633730688072
581,582.0,normal,0.512767358501036
582,583.0,normal,0.5315630859046118
583,584.0,normal,0.5215800555746453
584,585.0,normal,0.49800741670327614
585,586.0,normal,0.5110324770293602
586,587.0,normal,0.5180085038525317
587,588.0,normal,0.5056178754126627
588,589.0,normal,0.5193241044059339
590,591.0,normal,0.5032634952024116
591,592.0,normal,0.5036516972955681
593,594.0,normal,0.4988585798686715
594,595.0,normal,0.5242504284187988
595,596.0,normal,0.500556930922857
596,597.0,normal,0.5259801613882729
597,598.0,normal,0.5132924812271503
598,599.0,anomalies_isolation_forest,0.9957008119495311
599,,normal,0.5052345447732387
600,601.0,normal,0.533619523438712
601,602.0,normal,0.49660599280545203
602,603.0,normal,0.5244528156546491
603,604.0,normal,0.5446767292881135
604,605.0,normal,0.5150275950766715
605,606.0,normal,0.5316081095312043
606,607.0,normal,0.48784095124838145
607,608.0,normal,0.49358246715732446
608,609.0,normal,0.5017399415009773
609,610.0,normal,0.5194056288090054
610,611.0,normal,0.5246776201902263
611,612.0,normal,0.5408496473527084
612,613.0,normal,0.500255939739943
613,614.0,normal,0.5372903650572175
614,615.0,normal,0.5059994368337073
615,616.0,normal,0.5015008749331047
616,617.0,normal,0.5528601670856951
617,618.0,normal,0.519590281438025
618,,normal,0.5496072973929543
619,620.0,normal,0.5563049877940996
620,621.0,normal,0.5412255473125245
621,622.0,normal,0.4964386243088162
622,623.0,normal,0.5090107498034241
624,625.0,normal,0.5346994690348156
625,626.0,normal,0.5392615084115729
626,627.0,normal,0.5485586421982214
627,628.0,normal,0.519296329537581
628,,normal,0.5184572506679921
629,630.0,normal,0.5179305463183224
630,631.0,normal,0.5278526384684216
631,632.0,normal,0.5391740988315519
633,634.0,normal,0.5180623436671241
634,635.0,normal,0.5204497482272286
635,636.0,normal,0.4882550688699476
636,,normal,0.5236260801749772
637,638.0,normal,0.509908917615711
638,639.0,normal,0.48473898928777726
639,640.0,normal,0.5040695092993172
640,641.0,normal,0.39131702215337255
642,,normal,0.501230455143086
643,644.0,normal,0.5137112130281282
644,645.0,normal,0.5173643233764391
645,646.0,normal,0.5102859085928503
646,647.0,normal,0.5335291035320228
647,648.0,normal,0.5303171312374366
648,649.0,normal,0.5203209075466392
649,650.0,normal,0.5110402803894643
650,651.0,normal,0.534857892683456
651,652.0,normal,0.531889590903596
652,653.0,normal,0.5338832493099218
653,,normal,0.5088801240801718
654,655.0,normal,0.5339684319541312
655,656.0,normal,0.5302552313878041
656,657.0,normal,0.49531345767399576
657,658.0,normal,0.5112361765923655
658,659.0,normal,0.5339496053727955
659,660.0,normal,0.5078990931179133
660,661.0,normal,0.5193849075284666
661,662.0,normal,0.5199196522557415
662,663.0,normal,0.5234404241227807
663,664.0,normal,0.521275390939384
664,665.0,normal,0.4995483201823131
665,666.0,normal,0.5164499534301459
666,667.0,normal,0.4967792569581631
667,668.0,normal,0.47915723478724126
668,669.0,normal,0.49876467210295616
670,671.0,normal,0.5055822520132446
671,672.0,normal,0.5155874234146804
672,673.0,normal,0.5256393301625107
673,674.0,normal,0.4973420811648283
674,675.0,normal,0.5321622875514247
675,676.0,normal,0.5210312836584238
676,677.0,normal,0.5374341266654892
677,678.0,normal,0.5560606137854835
678,679.0,normal,0.5236729830626223
679,680.0,normal,0.4986427388465798
680,681.0,normal,0.4952490789277213
681,682.0,normal,0.49990696122055833
682,683.0,normal,0.5072590835479356
684,685.0,normal,0.5389564261766069
685,686.0,normal,0.4924608719429379
686,687.0,normal,0.4603139433790206
687,688.0,normal,0.5273835452045973
688,689.0,normal,0.5328846616759773
689,690.0,normal,0.5267229531470804
690,691.0,normal,0.513692206009037
691,692.0,normal,0.5187196894531098
692,693.0,normal,0.521141343340656
693,694.0,normal,0.5058549974062373
695,,normal,0.5330046076829527
696,697.0,normal,0.5091547360175805
697,698.0,normal,0.5217057619495848
698,699.0,normal,0.5257425906265348
699,700.0,normal,0.5279897823063336
701,702.0,normal,0.5324710303551471
702,703.0,normal,0.5026670134360705
703,704.0,normal,0.5438387483023069
704,705.0,normal,0.49437591892571775
705,706.0,normal,0.5212736010224494
706,707.0,normal,0.5541821262001004
707,708.0,normal,0.5201463483768476
708,709.0,normal,0.5370760997000079
709,710.0,normal,0.5260992259567637
710,711.0,normal,0.477577616238424
711,712.0,normal,0.5149192349174119
712,713.0,normal,0.5310662636441557
713,714.0,normal,0.5172672578665748
715,716.0,normal,0.504094292893523
716,717.0,normal,0.5202263011156019
717,718.0,normal,0.5281524550206795
718,719.0,normal,0.5257331505660928
719,720.0,normal,0.5149491080683591
720,,normal,0.5423322995082734
722,723.0,normal,0.5015665017779949
723,724.0,normal,0.5390908971534756
724,725.0,normal,0.515865275621204
725,726.0,normal,0.5414570399525891
726,727.0,normal,0.5103901537328668
727,728.0,normal,0.5193374261396777
729,730.0,normal,0.49541420278526416
730,731.0,normal,0.5237543887079539
732,733.0,normal,0.5220877752452643
733,734.0,normal,0.5102933639707056
735,736.0,normal,0.5088181077414788
736,737.0,normal,0.5213824216242414
737,738.0,normal,0.4974152971406358
738,739.0,anomalies_isolation_forest,0.9935246310383511
739,740.0,anomalies_isolation_forest,0.8840901866252991
740,741.0,normal,0.495750416877986
741,742.0,normal,0.49981400894441513
743,744.0,normal,0.5457763642133446
744,745.0,normal,0.5063925955337581
745,746.0,normal,0.5287461059989591
746,747.0,normal,0.5069349503297695
747,748.0,normal,0.5457475196658667
748,749.0,normal,0.49220298366627685
749,750.0,normal,0.5544151249961182
750,751.0,normal,0.5007284567243934
751,752.0,normal,0.5196616217308974
752,753.0,normal,0.5172200521094281
753,754.0,normal,0.5082491942656439
754,755.0,normal,0.5376833569915959
755,756.0,normal,0.5401504985131997
756,757.0,normal,0.5177512520983653
758,759.0,normal,0.5358823802701017
759,760.0,normal,0.5175382637918173
760,761.0,normal,0.4921445179665669
761,762.0,normal,0.5180058804725169
762,763.0,normal,0.5076310425307095
764,765.0,normal,0.512856182632002
765,766.0,normal,0.3737865199488528
766,767.0,normal,0.5214188742737351
767,768.0,normal,0.5430997395121739
768,769.0,normal,0.5344924902508017
769,770.0,normal,0.5464356449700353
770,771.0,normal,0.5276234126330108
771,772.0,normal,0.4950257092441572
772,773.0,normal,0.5295105922583604
773,774.0,normal,0.5248871644449383
774,775.0,anomalies_isolation_forest,0.8488263759652488
775,776.0,normal,0.5005774357891571
776,777.0,normal,0.5212978400774022
778,779.0,normal,0.5234303472318529
779,780.0,normal,0.499757821535265
780,781.0,normal,0.5090446659959827
781,782.0,normal,0.5328685980052721
782,783.0,normal,0.5522495773325017
783,784.0,normal,0.5513185050985636
784,785.0,normal,0.5409790339098229
785,786.0,normal,0.508133304248357
786,787.0,normal,0.5415974333310636
787,788.0,normal,0.5036809100314013
788,789.0,normal,0.4915448052527616
789,790.0,normal,0.5582789602595546
791,792.0,normal,0.5217177900682524
792,793.0,normal,0.520642809451567
793,794.0,normal,0.49879863179761325
794,795.0,normal,0.5169038663775087
795,796.0,normal,0.5481433179501685
796,797.0,normal,0.5082060267175347
797,798.0,normal,0.520028189991952
798,799.0,normal,0.5126839630471036
799,800.0,normal,0.48049426655537414
800,801.0,normal,0.4930979774170013
801,802.0,normal,0.5327860086890446
802,803.0,normal,0.5412229491971045
803,804.0,normal,0.49800957664163753
804,805.0,normal,0.5097493274918466
805,806.0,normal,0.5214896182993307
806,807.0,normal,0.51857721954798
807,808.0,normal,0.5397464207277332
808,809.0,normal,0.5407195309265121
809,810.0,normal,0.49125292479172716
811,812.0,normal,0.5000942047789768
812,813.0,normal,0.4740966569132348
813,814.0,normal,0.5508004926480485
814,815.0,normal,0.5069847782742533
815,816.0,normal,0.5032678920128038
816,817.0,normal,0.5427668366549607
817,818.0,normal,0.5298710701989623
819,820.0,normal,0.39898392112468023
820,821.0,normal,0.5471283340486967
823,824.0,normal,0.5199748093221113
824,825.0,normal,0.5168693174841723
826,827.0,normal,0.49398454599584957
827,828.0,normal,0.5044263784880098
828,829.0,normal,0.5169078295490257
829,830.0,normal,0.5179087013580405
830,831.0,normal,0.5479488697959317
831,832.0,normal,0.5394575630754354
832,833.0,normal,0.5253630468250136
833,834.0,normal,0.544958202886196
835,836.0,normal,0.5193246565023385
836,,normal,0.5278187970640192
837,838.0,normal,0.5405600677935829
838,839.0,normal,0.5392571228148939
839,840.0,normal,0.5058149953695645
840,841.0,normal,0.5344614964009705
841,842.0,normal,0.5078156883657076
843,844.0,normal,0.5422134467176739
844,845.0,anomalies_isolation_forest,0.8939751453061163
845,846.0,normal,0.5456283003523313
846,847.0,normal,0.5426398939769044
847,848.0,normal,0.5097854049037347
849,850.0,normal,0.5208936916335722
850,851.0,normal,0.49599589326955007
851,852.0,normal,0.5146518214111458
852,853.0,normal,0.5001226233448905
853,,normal,0.5275700221324422
854,855.0,normal,0.5442623527691893
855,856.0,normal,0.49567861943670877
856,857.0,normal,0.526466906772822
857,858.0,normal,0.5524025158462056
858,859.0,normal,0.5095973398597162
859,860.0,normal,0.4998615454801587
860,861.0,normal,0.5020212641289373
861,862.0,normal,0.5144080356898686
862,863.0,normal,0.547055115330383
863,,normal,0.4830182548334718
864,,normal,0.4826305184076758
865,866.0,normal,0.5046171951851475
866,867.0,normal,0.4812531312694005
867,868.0,normal,0.4976745450554593
869,870.0,normal,0.5312779193547156
870,871.0,normal,0.5234541438921266
871,872.0,normal,0.38055931340221194
872,873.0,normal,0.5451407048456209
873,874.0,normal,0.5164087037476599
874,875.0,normal,0.489174059770842
875,876.0,normal,0.5145140795969042
876,877.0,normal,0.5326971852379969
877,878.0,normal,0.5283217799963102
878,879.0,normal,0.5315285953842279
879,880.0,normal,0.520466313294702
880,881.0,normal,0.5298957533274946
881,882.0,normal,0.4829960117996182
882,883.0,anomalies_isolation_forest,0.9858305850066282
883,884.0,normal,0.5127022329020162
884,885.0,normal,0.5118302579435918
885,886.0,normal,0.49686659961432084
888,889.0,normal,0.513763771695651
889,890.0,normal,0.5245840159545447
890,891.0,normal,0.5339549107532972
891,892.0,normal,0.5145173435946443
892,893.0,normal,0.5216305621877727
893,894.0,normal,0.5143683192131818
894,895.0,normal,0.5123889136247836
895,896.0,normal,0.524189866512918
896,897.0,anomalies_isolation_forest,0.9992356424286739
897,898.0,normal,0.5232603702120301
898,899.0,normal,0.5419878354932032
899,900.0,normal,0.5151888296061499
900,901.0,normal,0.5472515066586204
901,902.0,normal,0.5354219897778373
902,903.0,normal,0.5504025923578821
903,904.0,normal,0.5167177426963974
904,905.0,normal,0.5076036388552245
905,906.0,normal,0.5286480958427622
906,907.0,normal,0.5095772193727809
908,909.0,normal,0.5085103561560969
909,910.0,normal,0.49113200946211644
911,912.0,normal,0.5240561235035728
912,913.0,normal,0.5330763431574169
913,914.0,normal,0.48524963053898573
914,915.0,normal,0.5238810730869261
915,916.0,normal,0.5267916871050191
916,917.0,normal,0.5287284830329999
917,918.0,normal,0.5122846868632436
918,919.0,normal,0.5340236813615059
919,920.0,normal,0.5175219547791593
920,921.0,normal,0.37104806383463296
921,922.0,normal,0.5145358633056115
922,923.0,normal,0.5182919618432927
923,924.0,normal,0.5446935118083942
924,925.0,normal,0.5281025533674494
925,926.0,normal,0.5027195373913244
926,927.0,normal,0.5255484316877592
927,928.0,normal,0.5323098185537674
928,929.0,normal,0.5061284506560164
929,930.0,normal,0.5301934732322803
930,931.0,normal,0.5086201924267085
931,932.0,normal,0.5259986400073128
932,933.0,normal,0.5207184266429801
933,934.0,normal,0.4904185860812366
934,935.0,normal,0.5398472280045457
935,936.0,normal,0.49642888425580883
937,938.0,normal,0.5262533464565329
938,939.0,normal,0.5417017975580314
939,940.0,normal,0.49703183005689816
940,941.0,normal,0.525979286757243
941,942.0,normal,0.5379936980883382
942,943.0,normal,0.5115066329330965
943,944.0,normal,0.5204006624612917
944,945.0,normal,0.5381135175388093
945,946.0,normal,0.5315167590029377
946,947.0,normal,0.5027366711276413
947,948.0,normal,0.5430049295274052
949,950.0,normal,0.5387179011621929
950,951.0,normal,0.5184223552827495
951,952.0,normal,0.5375433394288268
952,953.0,normal,0.5326442322262993
953,954.0,normal,0.5266317641896003
954,955.0,normal,0.5118014183582152
955,956.0,normal,0.5361755946142114
956,957.0,normal,0.5125412448389041
957,958.0,normal,0.5240408305468893
959,960.0,normal,0.5327037350784775
960,961.0,normal,0.5205485259178833
963,964.0,normal,0.49330927579761685
964,965.0,normal,0.4929037199006862
965,966.0,normal,0.4756689814729079
966,967.0,normal,0.5171649807831212
967,968.0,normal,0.5273895569341385
968,969.0,normal,0.516744063758527
969,970.0,normal,0.545874841480809
970,971.0,normal,0.5265988247565367
971,972.0,normal,0.5197645420765299
972,973.0,normal,0.5265913851307893
974,975.0,normal,0.5106673708647559
975,976.0,normal,0.5394094932065169
976,977.0,normal,0.5184110375190046
977,978.0,anomalies_isolation_forest,0.8787036706397117
978,979.0,normal,0.49102544239952745
980,981.0,normal,0.522453096923532
981,982.0,normal,0.5038652417147056
982,983.0,normal,0.5352304663495072
983,984.0,normal,0.5245915049505778
984,985.0,normal,0.5312822234849306
985,986.0,normal,0.4641994545523441
986,987.0,normal,0.43217360471949806
988,989.0,normal,0.535361148583631
989,990.0,normal,0.48684893143365254
990,991.0,normal,0.5309051334124107
992,993.0,normal,0.5297463354656725
993,994.0,normal,0.5396775716398782
994,995.0,normal,0.5345666307268288
995,996.0,normal,0.5053223364532587
996,997.0,normal,0.47770063684848124
997,998.0,normal,0.520005118856872
998,999.0,normal,0.506094300105889
999,1000.0,normal,0.5301786878255415
1000,1001.0,normal,0.5059493786004786
1001,1002.0,normal,0.5215634369001904
1002,1003.0,normal,0.5377807839020553
1003,1004.0,normal,0.5198135861734476
1004,1005.0,normal,0.5504547604726097
1005,1006.0,normal,0.5045220763712048
1006,1007.0,normal,0.5113897255866654
1007,1008.0,normal,0.5093897488868318
1008,1009.0,normal,0.5217351883928065
1009,1010.0,normal,0.5231016099238155
1010,1011.0,normal,0.5321430744345753
1011,1012.0,normal,0.5157080984647483
1013,1014.0,normal,0.5330328562070571
1015,1016.0,normal,0.5145227592358445
1016,1017.0,normal,0.5318641487441382
1017,1018.0,normal,0.5149420112716285
1018,1019.0,normal,0.541856396294115
1019,1020.0,normal,0.5505156343328329
1020,1021.0,normal,0.5229969154095547
1021,1022.0,normal,0.5305181307516005
1023,1024.0,normal,0.5015818509503999
1024,1025.0,normal,0.5108967392058134
1025,1026.0,normal,0.5508922547743361
1027,1028.0,normal,0.5315685561921912
1028,1029.0,normal,0.5194648788551512
1029,1030.0,normal,0.5466512705352607
1030,1031.0,normal,0.5314239505216021
1031,1032.0,normal,0.5130031074390652
1032,1033.0,normal,0.5198870599915053
1033,1034.0,normal,0.5254949741799673
1034,1035.0,normal,0.5220316714550901
1035,1036.0,normal,0.5266490381858115
1036,1037.0,normal,0.5182245998678274
1037,1038.0,normal,0.536110007125275
1038,1039.0,normal,0.5261717919771488
1039,1040.0,normal,0.4841417428780002
1040,1041.0,normal,0.5187617638502122
1041,1042.0,normal,0.5008765863399254
1042,1043.0,normal,0.5287197979755237
1043,1044.0,normal,0.5231242392217488
1044,1045.0,normal,0.512641637086562
1045,1046.0,normal,0.5512378805039858
1046,1047.0,normal,0.5431996178659863
1047,1048.0,normal,0.5002968881203674
1048,1049.0,normal,0.5000396979389689
1049,1050.0,normal,0.5508967645329721
1050,1051.0,normal,0.5299888016504205
1051,1052.0,outliers_iqr,0.3675683663706528
1052,1053.0,normal,0.5261032918536307
1053,1054.0,normal,0.5069450142403032
1054,1055.0,normal,0.5533330923140793
1055,1056.0,normal,0.5080543808209164
1056,1057.0,normal,0.5393260798358179
1057,1058.0,normal,0.5072121465690348
1058,1059.0,normal,0.504114550615545
1059,1060.0,normal,0.5283852987615665
1060,1061.0,normal,0.5094634598942793
1061,1062.0,normal,0.4990539921600242
1062,1063.0,anomalies_isolation_forest,0.9654883907831151
1063,1064.0,normal,0.5112265959553276
1064,1065.0,normal,0.5194876016794324
1065,1066.0,normal,0.5341913529311685
1066,1067.0,normal,0.5193479660451622
1067,1068.0,normal,0.525439777579763
1068,1069.0,normal,0.5243161061997287
1069,1070.0,normal,0.5053353993671001
1070,1071.0,normal,0.5161192718463805
1071,1072.0,normal,0.5342732110815065
1072,1073.0,normal,0.48676457485250846
1073,1074.0,normal,0.5359828691814347
1074,1075.0,anomalies_isolation_forest,0.7178050105368888
1075,1076.0,normal,0.5501679811860162
1076,1077.0,normal,0.5067210422650507
1077,1078.0,normal,0.5497636004946704
1078,1079.0,normal,0.5248054772412981
1079,1080.0,normal,0.4929905284981496
1081,1082.0,normal,0.5126892505524185
1082,1083.0,normal,0.5001478261172747
1083,1084.0,normal,0.4968667967688205
1084,1085.0,normal,0.49253142753556806
1085,1086.0,normal,0.5003568873759736
1086,1087.0,normal,0.48353422935462054
1087,1088.0,normal,0.48756966990205225
1088,1089.0,normal,0.4834002119820014
1089,1090.0,normal,0.5052492552026269
1090,1091.0,normal,0.5080103930452253
1091,1092.0,normal,0.5157065222240785
1092,1093.0,normal,0.5199905472471941
1093,1094.0,normal,0.5213677841068021
1094,1095.0,normal,0.5470986702254266
1095,1096.0,normal,0.5435437340055134
1096,1097.0,normal,0.5072580870965098
1097,,normal,0.5121575377296617
1098,1099.0,normal,0.37737321720516076
1099,1100.0,normal,0.49012546413283253
1100,1101.0,normal,0.5245848199357152
1101,1102.0,normal,0.5070890526413656
1102,,normal,0.4698417336750257
1103,1104.0,normal,0.5329892880846371
1104,1105.0,normal,0.5219453007209033
1105,1106.0,normal,0.5359400916625087
1106,1107.0,normal,0.5140502026254412
1107,1108.0,normal,0.4935770307894544
1108,1109.0,normal,0.5179513879654533
1109,1110.0,normal,0.5010845355688809
1110,1111.0,normal,0.5236788937391108
1111,1112.0,normal,0.5468167208919753
1113,1114.0,normal,0.5312554514283984
1114,1115.0,normal,0.5244750289806359
1115,1116.0,outliers_iqr,0.38894139471515726
1116,1117.0,anomalies_isolation_forest,0.9993940413309919
1117,1118.0,normal,0.5214504713373967
1118,1119.0,normal,0.47121928288964693
1119,1120.0,normal,0.53964116480432
1120,1121.0,normal,0.5518671128857816
1121,1122.0,normal,0.5565743932109906
1122,1123.0,normal,0.5379906817374246
1123,1124.0,normal,0.53556646606783
1125,1126.0,normal,0.5173424085655397
1126,1127.0,normal,0.5228934526762469
1127,1128.0,normal,0.5304710619523664
1128,1129.0,normal,0.5276103483140075
1129,1130.0,normal,0.5264604549299188
1130,1131.0,normal,0.5275081039290437
1131,1132.0,normal,0.5183337125910012
1132,1133.0,anomalies_isolation_forest,0.9834247001138978
1133,1134.0,normal,0.4851222444538471
1134,1135.0,normal,0.5300413770196025
1137,1138.0,normal,0.5252933180119748
1138,1139.0,normal,0.5134640882615387
1139,1140.0,normal,0.5281843206257429
1140,1141.0,normal,0.5137566642006506
1142,1143.0,normal,0.5105508550621196
1143,1144.0,normal,0.5080532224111401
1144,1145.0,normal,0.5346534583870916
1145,1146.0,normal,0.5245368933418727
1146,1147.0,normal,0.5316888141752595
1147,1148.0,normal,0.5259843302663383
1148,1149.0,normal,0.5253776083999847
1149,1150.0,normal,0.5042282515822155
1150,,normal,0.540462969353994
1151,1152.0,normal,0.5201649945200513
1152,1153.0,normal,0.5158997515968491
1153,1154.0,normal,0.5195168677530325
1154,1155.0,normal,0.4839366145558662
1155,1156.0,normal,0.5292392002519454
1156,1157.0,normal,0.5526553955305176
1157,1158.0,normal,0.5249405752474994
1158,1159.0,normal,0.5351679944930992
1159,1160.0,normal,0.5310203229525202
1160,1161.0,outliers_iqr,0.37450211896919516
1161,1162.0,normal,0.5311196772689379
1162,1163.0,normal,0.5013299826230998
1163,1164.0,normal,0.4956557201063373
1164,1165.0,normal,0.4893915326594856
1165,1166.0,normal,0.5342528107557396
1166,1167.0,normal,0.5543468950765574
1167,1168.0,normal,0.5148244069569627
1168,1169.0,normal,0.5155678565038563
1169,1170.0,normal,0.4936656052074443
1170,1171.0,normal,0.5247192325479504
1171,1172.0,normal,0.5351800250932053
1172,1173.0,normal,0.531671022056785
1173,1174.0,normal,0.5374634514259518
1174,1175.0,normal,0.5553283548858822
1175,1176.0,normal,0.5382431192966909
1176,1177.0,normal,0.5234577686595612
1177,1178.0,normal,0.5349544129482449
1178,1179.0,normal,0.5222463769878419
1179,1180.0,normal,0.5037211216678611
1180,1181.0,normal,0.4952165832532667
1181,1182.0,normal,0.46800656256497025
1182,1183.0,normal,0.5280670624335371
1183,1184.0,normal,0.5091448423784394
1184,1185.0,normal,0.527744484431381
1186,1187.0,normal,0.5458956030396018
1187,1188.0,normal,0.5068164614058523
1188,1189.0,normal,0.49961183417929544
1189,1190.0,normal,0.5312478551475395
1190,1191.0,normal,0.5003553361675352
1191,1192.0,normal,0.5123418506140978
1192,1193.0,normal,0.5335168285560286
1193,1194.0,normal,0.5023877157263442
1194,1195.0,normal,0.49588263693534873
1195,1196.0,normal,0.51474984852479
1196,1197.0,normal,0.4859941644639301
1197,1198.0,normal,0.5150522208255925
1198,1199.0,normal,0.5183015184309313
1199,1200.0,normal,0.5185209262580079
1200,1201.0,normal,0.517821722618592
1201,,normal,0.5406589790015123
1202,1203.0,normal,0.4983155109033563
1203,1204.0,normal,0.4987317052869818
1204,1205.0,normal,0.501566451986694
1206,1207.0,normal,0.5404876465806313
1207,1208.0,normal,0.5235197691548151
1208,1209.0,normal,0.5289795842787479
1209,1210.0,normal,0.48810305958691924
1210,1211.0,normal,0.5359742373046587
1211,1212.0,normal,0.50771053818461
1212,1213.0,normal,0.5049759540751636
1213,1214.0,normal,0.4832841360827964
1214,1215.0,normal,0.5365025468925997
1216,1217.0,normal,0.514938784659913
1217,1218.0,normal,0.5118758395927292
1218,1219.0,normal,0.5163997419560995
1219,1220.0,normal,0.5124342631642239
1220,1221.0,normal,0.5273158734078298
1221,1222.0,normal,0.503371950888942
1222,1223.0,normal,0.5078634892062892
1223,,normal,0.5289043156194142
1224,1225.0,normal,0.5364166709330985
1225,,normal,0.5164018897905605
1226,1227.0,normal,0.5324001546834956
1227,1228.0,normal,0.5037123051790373
1228,1229.0,normal,0.5495541719496507
1229,1230.0,normal,0.5357616338589954
1230,1231.0,normal,0.5160273628149908
1231,1232.0,normal,0.5118995124736839
1232,1233.0,normal,0.509817984226042
1233,1234.0,normal,0.47792304445123696
1234,1235.0,normal,0.5226211533300823
1235,1236.0,normal,0.5349915283465757
1236,1237.0,normal,0.5403919464750407
1237,1238.0,normal,0.5528354188294128
1238,1239.0,outliers_iqr,0.3987800099314497
1240,1241.0,normal,0.5077500620664759
1241,1242.0,normal,0.4919143532252127
1242,1243.0,anomalies_isolation_forest,0.8073228786143436
1243,1244.0,normal,0.5285491696098055
1244,,normal,0.514559621201528
1245,1246.0,normal,0.5126123642378947
1246,1247.0,normal,0.514821932904952
1247,1248.0,normal,0.5031754818407349
1248,1249.0,normal,0.52633955166714
1249,1250.0,normal,0.49338828976877036
1250,1251.0,normal,0.5106173947110062
1251,,normal,0.5360262824664797
1252,1253.0,normal,0.5335446455834383
1254,1255.0,normal,0.5095227108534361
1255,1256.0,normal,0.5364614056900257
1256,1257.0,normal,0.527540532250233
1257,1258.0,normal,0.5164217694486958
1258,1259.0,normal,0.5206807336699142
1259,1260.0,normal,0.5103490820622807
1260,1261.0,normal,0.530299195104558
1261,1262.0,normal,0.5057691408200381
1262,1263.0,normal,0.5364392226253745
1263,1264.0,normal,0.5195918004280774
1264,1265.0,normal,0.5400597592553708
1265,1266.0,normal,0.5524884856899688
1266,1267.0,normal,0.5544182495298389
1267,1268.0,normal,0.5402165649210525
1268,1269.0,normal,0.4966407339480057
1269,1270.0,normal,0.557343003560547
1270,1271.0,normal,0.5207248355933715
1271,1272.0,normal,0.5411141748092327
1272,1273.0,normal,0.5149999760994105
1273,1274.0,anomalies_isolation_forest,0.9999190076500144
1274,1275.0,normal,0.5122131085029572
1275,1276.0,normal,0.5313609709769833
1276,1277.0,normal,0.4225306420689538
1277,1278.0,normal,0.5027038206253812
1278,1279.0,normal,0.557453568568709
1279,1280.0,normal,0.5107319128225871
1280,1281.0,normal,0.5087205549329779
1281,,normal,0.5158756838358247
1282,1283.0,normal,0.5454520847776189
1283,1284.0,normal,0.5050416691775714
1284,1285.0,normal,0.502469533343729
1285,1286.0,normal,0.5333987175063853
1286,1287.0,normal,0.48527611421195355
1288,1289.0,normal,0.5322810219170762
1289,1290.0,normal,0.3854396739843805
1291,1292.0,normal,0.510065102255569
1292,1293.0,normal,0.48581655375060934
1293,1294.0,normal,0.5194429895088872
1294,1295.0,normal,0.4966698143864262
1295,1296.0,normal,0.5327572272258757
1296,1297.0,normal,0.40396428228283077
1298,1299.0,normal,0.5272144018916168
1299,1300.0,normal,0.5517194223943176
1300,1301.0,normal,0.5222348039335183
1301,1302.0,normal,0.5171384760658545
1302,1303.0,normal,0.5215013546329411
1303,1304.0,normal,0.4947943240412288
1304,1305.0,normal,0.4988713837347285
1305,1306.0,normal,0.509822504633516
1306,1307.0,normal,0.5312535536860091
1307,1308.0,normal,0.4807850171022636
1308,1309.0,normal,0.5125757968617118
1309,1310.0,normal,0.5245431336774767
1310,1311.0,normal,0.38752473294793677
1311,1312.0,normal,0.53251965422101
1312,,normal,0.5120922508069536
1313,1314.0,normal,0.48417488302921097
1314,1315.0,normal,0.5032148431087798
1315,1316.0,normal,0.5456070934918129
1316,1317.0,normal,0.5163796577982258
1317,1318.0,normal,0.5189473933438712
1318,1319.0,normal,0.5215367322652262
1319,1320.0,normal,0.5061283848599611
1320,1321.0,normal,0.5278638401653927
1321,1322.0,normal,0.5173494252786524
1322,1323.0,normal,0.5314522305760633
1323,1324.0,normal,0.5096811485622338
1324,1325.0,normal,0.5129490982397324
1325,1326.0,normal,0.5398169182955416
1327,1328.0,normal,0.5354790592450908
1328,1329.0,normal,0.5195538458777422
1329,1330.0,normal,0.5453845307439283
1330,1331.0,normal,0.5202986982264165
1331,1332.0,normal,0.5281608354385557
1332,1333.0,normal,0.5255984866400121
1333,1334.0,normal,0.5120202032419344
1334,1335.0,normal,0.5148481530895589
1335,1336.0,normal,0.49968022131057116
1336,1337.0,normal,0.5241677119864935
1337,1338.0,normal,0.4992950316697939
1338,1339.0,normal,0.5182539440783335
1339,1340.0,normal,0.534335673650854
1341,1342.0,normal,0.5307187800405383
1342,1343.0,normal,0.5292085737583515
1343,1344.0,normal,0.5299475761184578
1344,1345.0,normal,0.520361736955434
1345,1346.0,normal,0.5069378872707689
1346,1347.0,normal,0.5175463920943253
1347,1348.0,normal,0.5054112701981085
1348,1349.0,normal,0.5073148122154673
1349,1350.0,normal,0.5308759770562081
1350,1351.0,normal,0.5239760436271232
1351,1352.0,normal,0.5454172421515473
1352,1353.0,normal,0.5187584864188517
1353,1354.0,normal,0.5099380076656445
1354,1355.0,normal,0.5442430979917824
1355,1356.0,normal,0.5274447527272715
1356,1357.0,normal,0.5154606651158188
1357,1358.0,normal,0.5545138386078684
1359,1360.0,normal,0.5330325504341579
1360,1361.0,normal,0.5520922793788003
1361,1362.0,normal,0.5520185076881864
1363,1364.0,normal,0.5469928193327909
1364,1365.0,normal,0.5170087189544995
1365,1366.0,normal,0.546569063082281
1366,1367.0,normal,0.5411392815593868
1367,1368.0,normal,0.5072951760498928
1368,1369.0,normal,0.507720204400531
1369,1370.0,normal,0.39404038873535496
1370,1371.0,normal,0.5218873148296568
1372,1373.0,normal,0.5168386669151744
1373,1374.0,normal,0.5140448924359247
1374,1375.0,normal,0.49747865632240995
1376,1377.0,normal,0.48561678899726923
1377,1378.0,normal,0.5206953812923932
1378,1379.0,normal,0.5260983222459639
1379,1380.0,normal,0.525415279539029
1386,1387.0,normal,0.5235185561405538
1387,1388.0,normal,0.5432165545935854
1388,1389.0,normal,0.5077803930459932
1389,1390.0,normal,0.5169293418386605
1390,1391.0,normal,0.5305865527945226
1391,1392.0,normal,0.5268222349549525
1392,1393.0,normal,0.360059208058932
1394,1395.0,normal,0.4996172193117304
1395,1396.0,anomalies_isolation_forest,0.6262676968467614
1396,1397.0,normal,0.5020386348824595
1397,1398.0,normal,0.5326941678640825
1398,1399.0,normal,0.5180449804236322
1399,1400.0,normal,0.5271480008186431
1400,1401.0,normal,0.5105409375926244
1401,1402.0,normal,0.551201545709628
1402,1403.0,normal,0.5112640765520041
1403,1404.0,normal,0.5444380600958447
1404,1405.0,normal,0.5387619067888982
1406,1407.0,normal,0.4938274546385326
1407,1408.0,normal,0.5115092118633273
1408,1409.0,normal,0.5431663381528997
1409,1410.0,normal,0.5250451502803776
1410,1411.0,normal,0.5317969260017728
1411,1412.0,normal,0.5344022684888053
1412,1413.0,normal,0.5316891442886971
1413,1414.0,normal,0.5061151634446052
1414,1415.0,normal,0.495905557512449
1416,1417.0,normal,0.5274213960517509
1417,1418.0,normal,0.5284133451846179
1418,1419.0,normal,0.5040597096804889
1419,1420.0,normal,0.5236464397269736
1420,1421.0,normal,0.4952932927223354
1421,1422.0,normal,0.513805390422598
1423,1424.0,normal,0.5098760825560334
1424,1425.0,normal,0.5420941652071245
1425,1426.0,normal,0.5123166706785958
1426,1427.0,normal,0.5223927517289051
1427,1428.0,normal,0.5115569081316699
1429,1430.0,normal,0.5128031644339286
1430,1431.0,normal,0.5205586439182037
1431,1432.0,normal,0.5433429556970585
1432,1433.0,normal,0.533972034122671
1433,1434.0,normal,0.5156490715954933
1434,1435.0,normal,0.5255555379458455
1435,1436.0,normal,0.5467142982982934
1436,1437.0,normal,0.521278737178754
1437,1438.0,normal,0.5246794411124988
1438,1439.0,normal,0.5453311856237907
1439,1440.0,normal,0.5183464136810281
1440,1441.0,normal,0.5289170150514328
1441,1442.0,normal,0.509278666570649
1442,1443.0,normal,0.5080446330794947
1443,1444.0,normal,0.5229896155397163
1444,1445.0,normal,0.5504208620348398
1446,1447.0,normal,0.5069883879654727
1447,1448.0,normal,0.511324264787949
1448,1449.0,normal,0.5224027443514677
1449,1450.0,normal,0.5128764878544346
1450,1451.0,normal,0.5330046958454355
1451,1452.0,normal,0.5185133826882996
1452,1453.0,normal,0.5449611617571687
1453,1454.0,normal,0.5302096221231849
1454,1455.0,normal,0.5316776537052426
1455,1456.0,normal,0.5555929019781529
1456,1457.0,normal,0.514171458892191
1457,1458.0,normal,0.5132882441954755
1458,1459.0,normal,0.49291977391511693
1459,1460.0,normal,0.5256016763087099
1460,1461.0,normal,0.49361068040908385
1461,1462.0,normal,0.5393680686360108
1462,1463.0,normal,0.5391911245719462
1464,1465.0,normal,0.5009087978036673
1465,1466.0,normal,0.551907054432884
1466,1467.0,normal,0.5245202098547178
1467,1468.0,normal,0.503127775969811
1468,1469.0,normal,0.5157311373531135
1469,1470.0,normal,0.5166281208639156
1470,1471.0,normal,0.5047188020134834
1471,1472.0,normal,0.5024113229145967
1473,1474.0,normal,0.5344324431097824
1474,1475.0,normal,0.4783323894544377
1475,1476.0,normal,0.5295401717720799
1476,1477.0,normal,0.5313450056106174
1477,1478.0,normal,0.5346525211355064
1478,,normal,0.5369547111190133
1479,1480.0,normal,0.5318863260104378
1480,1481.0,normal,0.5505276935851163
1481,1482.0,normal,0.5320194774757082
1482,1483.0,normal,0.5384404409217206
1483,1484.0,normal,0.5274176989050295
1484,1485.0,normal,0.5076578279399162
1485,1486.0,normal,0.49962670859919395
1486,1487.0,normal,0.5246946845596226
1487,1488.0,normal,0.5536669416620709
1488,1489.0,normal,0.515212900007825
1489,1490.0,normal,0.5333232236764218
1490,1491.0,normal,0.5094721462407512
1491,1492.0,normal,0.5306205228323077
1492,1493.0,normal,0.5350969020507444
1494,1495.0,normal,0.5415799985412623
1495,1496.0,normal,0.5326832875184244
1496,1497.0,normal,0.5148641498518246
1497,1498.0,normal,0.5077693875440108
1498,1499.0,normal,0.5190028086196867
1499,1500.0,normal,0.5138089156992123
1500,1501.0,normal,0.5138183204149933
1502,1503.0,normal,0.5295741663151347
1503,1504.0,normal,0.5204196388540996
1504,1505.0,normal,0.509620468869421
1506,1507.0,normal,0.5062643684359237
1508,1509.0,normal,0.4880028232622056
1509,1510.0,normal,0.507474758912152
1510,1511.0,normal,0.5428254411313267
1511,1512.0,normal,0.5431567847438592
1512,1513.0,normal,0.5063984986692818
1513,1514.0,normal,0.5254806732542171
1514,1515.0,normal,0.5330086513717206
1515,1516.0,normal,0.5010343010967846
1517,1518.0,normal,0.5577918178892276
1518,1519.0,normal,0.5326791152967699
1520,1521.0,normal,0.5202380776493365
1521,1522.0,normal,0.5159177404859426
1522,1523.0,normal,0.5363241243881051
1523,1524.0,normal,0.5272659564509864
1524,1525.0,normal,0.5065377478305161
1525,1526.0,normal,0.5267003949955131
1526,1527.0,normal,0.5244125217508507
1527,1528.0,normal,0.5228948600932855
1528,1529.0,normal,0.538464734455302
1529,1530.0,normal,0.4987067773498169
1530,1531.0,normal,0.5424763058993862
1531,1532.0,normal,0.5159180731613046
1532,1533.0,normal,0.49779254611532037
1533,1534.0,normal,0.5530929665259605
1534,1535.0,normal,0.49263440611044984
1535,1536.0,normal,0.5031002413496503
1536,1537.0,normal,0.5272942271765547
1537,1538.0,normal,0.5239751188701839
1538,1539.0,normal,0.5176727100422823
1539,1540.0,normal,0.5147465480569792
1540,1541.0,normal,0.5302640575600536
1541,1542.0,normal,0.5426322379195252
1542,1543.0,normal,0.43609636780950745
1543,1544.0,normal,0.5334076454341521
1544,1545.0,normal,0.517178845035219
1547,1548.0,normal,0.5212166588696842
1549,1550.0,normal,0.5535296899353165
1550,1551.0,normal,0.5361383881516826
1551,1552.0,normal,0.5035019611906877
1552,,normal,0.524087271984948
1553,1554.0,normal,0.5260558996349519
1554,1555.0,normal,0.5271393602159414
1555,1556.0,normal,0.541945243516614
1556,1557.0,normal,0.517660878251911
1557,1558.0,normal,0.5122534193877981
1558,1559.0,normal,0.4941655464677523
1560,1561.0,normal,0.5065261047767093
1561,1562.0,normal,0.5190725480931713
1562,1563.0,normal,0.530400602741869
1563,1564.0,normal,0.5115715228851251
1564,1565.0,normal,0.5284407660946043
1565,1566.0,normal,0.5228191764372067
1566,1567.0,normal,0.506501022698148
1567,1568.0,normal,0.49392731975587695
1568,1569.0,normal,0.5186180801690489
1569,1570.0,normal,0.48162312233266624
1570,,normal,0.5331303074285874
1571,1572.0,normal,0.5350562201479709
1572,1573.0,normal,0.5238996900286075
1573,1574.0,normal,0.4853197359566682
1574,1575.0,normal,0.5425404899630382
1575,1576.0,normal,0.5383244117870974
1576,1577.0,normal,0.5318412678326393
1577,1578.0,normal,0.5135238667670775
1578,1579.0,normal,0.5555277785850936
1579,1580.0,normal,0.5116351579973805
1580,1581.0,normal,0.5413361866906934
1581,1582.0,normal,0.5471058506203207
1582,1583.0,normal,0.5165052606194606
1583,1584.0,normal,0.5062375057664624
1584,1585.0,normal,0.5269379656617679
1585,1586.0,normal,0.49984518193007155
1586,1587.0,normal,0.49915656017572446
1588,1589.0,normal,0.477671540251595
1589,1590.0,normal,0.5581758665707162
1590,1591.0,normal,0.49316012829067973
1591,1592.0,normal,0.5255974531964769
1592,1593.0,normal,0.5467043199165333
1593,1594.0,normal,0.5420361621827723
1594,1595.0,anomalies_isolation_forest,0.9990498630598551
1595,1596.0,normal,0.5357480566566155
1596,1597.0,normal,0.5190033930486718
1597,1598.0,normal,0.5196443952058749
1598,1599.0,normal,0.5024387106210992
1600,1601.0,normal,0.5169469731028309
1601,1602.0,normal,0.5227419148925482
1602,1603.0,normal,0.5010481770094625
1603,1604.0,normal,0.532840848923507
1604,1605.0,normal,0.5560531269368971
1605,1606.0,normal,0.48815380776518996
1606,1607.0,normal,0.3700310999401239
1607,1608.0,normal,0.5209844514107776
1608,1609.0,normal,0.5383191399088131
1609,1610.0,normal,0.5421690603394402
1610,1611.0,normal,0.5199684354627265
1612,1613.0,normal,0.5093411047897397
1613,1614.0,normal,0.49481959490706134
1614,1615.0,normal,0.5538567090968212
1615,1616.0,normal,0.5342693197762572
1616,1617.0,normal,0.473152496317974
1617,1618.0,normal,0.5269472341094302
1618,1619.0,normal,0.5228973324702886
1619,1620.0,normal,0.49490753807987437
1620,1621.0,normal,0.5495015092104082
1621,1622.0,normal,0.46442524646215366
1622,1623.0,normal,0.5070165378455598
1623,1624.0,normal,0.5366283404867682
1624,1625.0,normal,0.5303417703602883
1625,1626.0,normal,0.5045535688208783
1626,1627.0,normal,0.5326795837877518
1627,1628.0,normal,0.5158236269898164
1628,1629.0,normal,0.5388068215030372
1629,1630.0,normal,0.5523936309267268
1630,1631.0,normal,0.5237176989353242
1631,1632.0,normal,0.4979611696923548
1632,1633.0,normal,0.5308998474203088
1634,1635.0,normal,0.5445994728762646
1636,1637.0,normal,0.5439593032148459
1637,1638.0,normal,0.5119887720396002
1638,1639.0,normal,0.5008071839090736
1639,1640.0,normal,0.5151552577958189
1640,1641.0,normal,0.5262800954394141
1643,1644.0,normal,0.3932341031626615
1645,1646.0,normal,0.5392077249428084
1646,1647.0,normal,0.5402835055834138
1647,1648.0,normal,0.5258067528713963
1648,1649.0,normal,0.5123990617050772
1649,1650.0,normal,0.5181520458208525
1651,1652.0,normal,0.5203471644116167
1652,1653.0,normal,0.5231636339282116
1653,,normal,0.5242541187579114
1654,1655.0,normal,0.5354420031824814
1655,1656.0,normal,0.5372721380144326
1656,1657.0,normal,0.5091967327254745
1657,1658.0,normal,0.5145424496137114
1658,1659.0,normal,0.4555186002187634
1660,1661.0,normal,0.5195196673893753
1661,1662.0,normal,0.5162354732141083
1662,1663.0,normal,0.554951610712933
1663,1664.0,normal,0.522648272031295
1664,1665.0,normal,0.5288174897880265
1665,1666.0,normal,0.5238942362239013
1667,1668.0,normal,0.47958592969930824
1668,1669.0,normal,0.525200701259736
1669,1670.0,normal,0.5128137608355885
1670,1671.0,normal,0.5051327454311145
1671,1672.0,normal,0.48014366082794907
1672,1673.0,normal,0.5335261860539328
1673,1674.0,normal,0.4923669117173201
1674,1675.0,normal,0.47502804692363076
1675,1676.0,normal,0.5022066293379043
1676,1677.0,normal,0.538442779764561
1677,1678.0,normal,0.5390537022238175
1679,1680.0,normal,0.5351090209121563
1680,1681.0,normal,0.5160280711876882
1681,1682.0,normal,0.5298503719704725
1682,1683.0,normal,0.5377911022339337
1683,1684.0,normal,0.4978385856540621
1684,1685.0,normal,0.5437831302294751
1685,1686.0,normal,0.5155902130135596
1686,1687.0,normal,0.5012829265111168
1689,1690.0,normal,0.5138557213120836
1690,1691.0,normal,0.5115068212495724
1691,1692.0,normal,0.5084418002789175
1692,1693.0,normal,0.49963130902868
1693,1694.0,normal,0.5221887410568017
1694,1695.0,normal,0.5370467858917919
1695,1696.0,anomalies_isolation_forest,0.9985380934136174
1696,1697.0,normal,0.5248846835975987
1697,1698.0,normal,0.5305765737087753
1698,1699.0,normal,0.5183378443797223
1699,1700.0,normal,0.5164929564898325
1700,1701.0,normal,0.5284925723167534
1701,1702.0,normal,0.531343022302678
1702,1703.0,normal,0.5148366244887985
1703,1704.0,normal,0.546120788473178
1704,1705.0,normal,0.5223835944160006
1705,1706.0,normal,0.5099779028979766
1706,1707.0,normal,0.4789881798037323
1707,1708.0,normal,0.5124856227424481
1708,1709.0,normal,0.4890303622628683
1709,1710.0,normal,0.5421062854405834
1710,1711.0,normal,0.5316746171288204
1711,1712.0,normal,0.5385933841600002
1712,1713.0,normal,0.5196783525868588
1713,1714.0,normal,0.5100626519403304
1714,1715.0,normal,0.5280749155850334
1715,1716.0,normal,0.5050886817389497
1716,1717.0,normal,0.4970629682166777
1717,1718.0,normal,0.5219683763530107
1718,1719.0,normal,0.5231555153170961
1719,1720.0,normal,0.503777655239553
1720,1721.0,normal,0.538161199911761
1721,1722.0,normal,0.5078570398190035
1722,1723.0,normal,0.516604444078102
1723,1724.0,normal,0.5321071120049585
1724,1725.0,normal,0.49411005406916936
1725,1726.0,normal,0.527976744146546
1726,1727.0,normal,0.4995803908197522
1727,1728.0,normal,0.4963541555014004
1728,1729.0,normal,0.5278623314764578
1729,1730.0,normal,0.5301070937757505
1730,1731.0,normal,0.5208810982676249
1731,1732.0,normal,0.5212947166401648
1732,1733.0,normal,0.5159604408106906
1733,1734.0,normal,0.5190577414045827
1734,1735.0,normal,0.5067574166166118
1735,1736.0,anomalies_isolation_forest,0.5756293333598481
1736,1737.0,normal,0.5253712556328464
1737,1738.0,normal,0.5288175873638004
1741,1742.0,normal,0.5106207140616787
1742,1743.0,normal,0.5428878016234905
1743,1744.0,normal,0.5295291788574154
1744,1745.0,normal,0.5287436442675124
1745,1746.0,normal,0.5166700867899788
1746,1747.0,normal,0.4821535936405131
1747,1748.0,normal,0.5455499334808155
1748,1749.0,normal,0.5260192794029995
1749,1750.0,normal,0.5305318180556892
1750,1751.0,anomalies_isolation_forest,0.9959158518847849
1751,1752.0,normal,0.5207362907066754
1752,1753.0,normal,0.5257191636054361
1754,,normal,0.48066724093177754
1756,1757.0,normal,0.5385138024029128
1757,1758.0,normal,0.5067940561856416
1758,1759.0,normal,0.4965763800775003
1759,1760.0,normal,0.5270831401779523
1760,1761.0,normal,0.5203367638454096
1761,1762.0,normal,0.5265808331132686
1762,1763.0,normal,0.5515919025617291
1763,1764.0,normal,0.5266753755326113
1764,1765.0,normal,0.5174356226854999
1765,1766.0,normal,0.4987506421575872
1766,1767.0,normal,0.5330625469755539
1767,1768.0,normal,0.5370547430484691
1768,1769.0,normal,0.5405186209098024
1769,1770.0,normal,0.5264056036265012
1770,1771.0,normal,0.5330271501439684
1771,1772.0,normal,0.5291016309081381
1772,1773.0,normal,0.5204209241568551
1773,1774.0,normal,0.5165799028109178
1774,1775.0,normal,0.489245038080824
1775,1776.0,normal,0.51479056493245
1776,1777.0,normal,0.5367954532826219
1777,1778.0,normal,0.4031697593365857
1778,1779.0,normal,0.5499425686745725
1779,1780.0,normal,0.5077085578684115
1780,1781.0,normal,0.5325984973192646
1782,1783.0,normal,0.5161876843015694
1783,1784.0,normal,0.5036118099305379
1786,1787.0,normal,0.5260284335020025
1787,1788.0,normal,0.5222054280784978
1788,1789.0,normal,0.4387364595433554
1789,1790.0,normal,0.5087197196446601
1791,1792.0,normal,0.5017049802204858
1792,1793.0,normal,0.5136996311745177
1793,1794.0,normal,0.5430536371432308
1796,1797.0,normal,0.512145907524995
1797,1798.0,normal,0.5148917517440992
1798,1799.0,normal,0.5158052188110255
1799,1800.0,normal,0.49328472576942517
1800,1801.0,normal,0.5590817279761321
1801,1802.0,normal,0.533420281883197
1802,1803.0,normal,0.5397278329177433
1803,1804.0,normal,0.4918866850768583
1804,1805.0,normal,0.5201729142059084
1805,1806.0,normal,0.5577128416350126
1806,1807.0,normal,0.5048761288357311
1807,1808.0,normal,0.46993870420529904
1808,1809.0,normal,0.5394178013785489
1809,1810.0,normal,0.49831377412141636
1810,1811.0,normal,0.5068564302724342
1811,1812.0,normal,0.5221858268034182
1812,1813.0,normal,0.5246467046968214
1813,1814.0,normal,0.5262790480978677
1814,1815.0,normal,0.5091098208893821
1816,1817.0,normal,0.41259702123881825
1817,1818.0,normal,0.5480943918039628
1818,1819.0,normal,0.4070205591562233
1819,1820.0,normal,0.5416300674899206
1820,,normal,0.5199185356227275
1821,1822.0,normal,0.49451098065834787
1822,1823.0,normal,0.5394737836219837
1823,1824.0,normal,0.5005293170876308
1824,1825.0,normal,0.5164948364137111
1826,1827.0,normal,0.5305406112477709
1827,1828.0,normal,0.5104176276611636
1830,1831.0,normal,0.5437813998255583
1831,1832.0,normal,0.49031607086321644
1833,1834.0,normal,0.5352583561266455
1834,1835.0,normal,0.5220358335772074
1835,1836.0,normal,0.5324915945003076
1836,1837.0,normal,0.502797633904851
1837,1838.0,normal,0.5296649449976066
1838,1839.0,normal,0.5531635328907688
1839,1840.0,normal,0.5383531515479251
1840,1841.0,normal,0.4953406472293984
1841,1842.0,normal,0.5435834673089478
1842,1843.0,normal,0.5149240299984889
1843,1844.0,normal,0.5094779637845095
1844,1845.0,normal,0.5105489071278744
1845,1846.0,normal,0.5230542265950802
1846,1847.0,normal,0.5410988163870863
1847,1848.0,normal,0.5244475095834898
1849,1850.0,normal,0.5083559697548179
1850,1851.0,normal,0.5295148947587061
1851,1852.0,normal,0.5242495435718066
1852,1853.0,normal,0.5197473585974605
1853,1854.0,normal,0.41721539939610375
1854,1855.0,normal,0.5189874248630596
1855,1856.0,normal,0.5075102356139243
1856,1857.0,normal,0.5271489756938251
1857,1858.0,normal,0.510740400376274
1858,1859.0,anomalies_isolation_forest,0.4409146660830134
1859,1860.0,normal,0.5137929990513646
1860,1861.0,normal,0.513154794962205
1861,1862.0,normal,0.5192991293714837
1862,1863.0,normal,0.5072870976563363
1863,1864.0,normal,0.5128378402480243
1864,1865.0,normal,0.5181393059394963
1865,1866.0,normal,0.5211330088543172
1866,1867.0,normal,0.5327327132851613
1867,1868.0,normal,0.5244771137944662
1868,1869.0,normal,0.5348233132930433
1869,1870.0,normal,0.5224702893100759
1871,1872.0,normal,0.5291814469998399
1872,1873.0,normal,0.5172383278205475
1873,,normal,0.509934994007536
1874,1875.0,normal,0.5210427644542294
1876,1877.0,normal,0.543052641640411
1877,1878.0,normal,0.4964800313666977
1878,1879.0,normal,0.5113539636190525
1879,1880.0,normal,0.5081937299907973
1880,1881.0,normal,0.5187298357807211
1881,1882.0,normal,0.5176815488848218
1882,1883.0,normal,0.5021712779289733
1883,1884.0,normal,0.5129094922695808
1885,1886.0,normal,0.5262611497054179
1886,1887.0,normal,0.5106333534997823
1887,1888.0,normal,0.5237003509577
1888,1889.0,normal,0.534109584367733
1889,1890.0,normal,0.5367817352234122
1890,1891.0,normal,0.5247355880495757
1891,1892.0,normal,0.549265384290837
1892,1893.0,normal,0.5066478435647174
1893,,normal,0.5108697519912803
1894,1895.0,normal,0.5374548250699126
1896,1897.0,normal,0.5276490362552749
1897,,normal,0.4875847828025933
1899,1900.0,normal,0.5465134562891726
1900,1901.0,normal,0.5289940653789107
1901,1902.0,normal,0.5345695494071483
1902,1903.0,normal,0.5007161321335782
1903,1904.0,normal,0.5150884991625472
1904,1905.0,normal,0.5393034113407913
1905,1906.0,normal,0.5416853585238856
1906,1907.0,normal,0.5388512790321428
1907,1908.0,normal,0.5541908871789134
1908,1909.0,normal,0.5034601736488796
1909,1910.0,normal,0.5207432133032591
1911,1912.0,normal,0.5145702679304927
1912,1913.0,normal,0.5315034143583228
1913,1914.0,normal,0.5180847546133157
1914,1915.0,normal,0.5048414865351761
1915,1916.0,normal,0.5169553693899085
1916,1917.0,normal,0.5174266631694312
1917,1918.0,normal,0.5344361270881215
1918,1919.0,normal,0.5072190661349564
1919,1920.0,normal,0.5302286188065379
1920,1921.0,normal,0.5445738547110235
1921,,normal,0.5302134866561551
1922,1923.0,normal,0.5143530909075885
1923,1924.0,normal,0.48938693300712266
1924,1925.0,normal,0.5377898342813191
1925,1926.0,normal,0.5350333911237216
1926,1927.0,normal,0.5343821402073576
1927,1928.0,normal,0.5297318746377602
1928,1929.0,normal,0.546665453402679
1929,1930.0,normal,0.5067916859194822
1930,1931.0,normal,0.5498893516846266
1932,1933.0,normal,0.5072393148870648
1934,1935.0,normal,0.5324424194312887
1935,1936.0,normal,0.5524983908333565
1936,1937.0,normal,0.5117772586311848
1937,1938.0,normal,0.5270261330056767
1938,1939.0,normal,0.5094877083634953
1939,1940.0,normal,0.5240398745716479
1940,1941.0,anomalies_isolation_forest,0.9404299174470879
1941,1942.0,normal,0.5321796099163327
1942,1943.0,normal,0.5175028262241388
1944,1945.0,normal,0.5231480933664794
1945,1946.0,normal,0.5442949204648382
1946,1947.0,normal,0.5154236736998953
1947,1948.0,normal,0.5022887901025408
1948,1949.0,normal,0.555630338131446
1949,1950.0,anomalies_isolation_forest,0.7577792895830678
1950,,normal,0.5088791030742481
1951,1952.0,normal,0.5028344055759177
1952,1953.0,normal,0.5534003029784248
1953,1954.0,normal,0.46555230555654964
1954,,normal,0.5043468191328295
1955,1956.0,normal,0.5436139080833511
1956,1957.0,normal,0.5212462900339604
1958,1959.0,normal,0.5058850470669503
1959,1960.0,normal,0.5080989053781739
1960,1961.0,normal,0.5239026430637117
1961,1962.0,normal,0.5009457150528356
1962,1963.0,normal,0.5479951887896863
1963,1964.0,normal,0.5102142630553516
1964,1965.0,normal,0.4958656908935073
1965,1966.0,normal,0.5276297562635545
1966,1967.0,normal,0.527630045704068
1967,1968.0,anomalies_isolation_forest,0.9025092316427613
1968,1969.0,normal,0.48944691917215694
1969,1970.0,normal,0.5082281190940882
1970,1971.0,normal,0.5103055800830083
1971,1972.0,normal,0.5168546309543167
1972,1973.0,normal,0.4874449138709321
1973,1974.0,normal,0.5287587406633834
1974,1975.0,normal,0.5146210260029048
1975,1976.0,normal,0.5322564601626153
1976,1977.0,normal,0.5110889333481148
1977,1978.0,normal,0.5481437199362262
1978,1979.0,normal,0.5437051873717293
1979,1980.0,normal,0.4735801275610969
1980,1981.0,normal,0.5202664548482635
1981,1982.0,normal,0.513041525294165
1983,1984.0,normal,0.511789566502844
1984,1985.0,normal,0.5266476761624048
1985,1986.0,normal,0.5057529942901531
1986,1987.0,normal,0.5059169525360621
1987,1988.0,normal,0.5075585036217645
1988,1989.0,normal,0.5252303351715509
1989,1990.0,normal,0.4948239055757989
1990,1991.0,normal,0.5058486196341035
1991,1992.0,normal,0.527444011289256
1992,1993.0,normal,0.5244779831190617
1993,1994.0,normal,0.5184549862056089
1994,1995.0,normal,0.5153700159109946
1995,1996.0,normal,0.5368516586446868
1996,1997.0,normal,0.5093643568098168
1997,1998.0,normal,0.5068623195282456
1998,1999.0,anomalies_isolation_forest,0.4683131476394192
1999,2000.0,normal,0.5390330785407145
2000,1861.0,normal,0.513154794962205
2001,354.0,normal,0.5300414251891103
2002,1334.0,normal,0.5120202032419344
2003,906.0,normal,0.5286480958427622
2004,1290.0,normal,0.5025469113840989
2005,1274.0,anomalies_isolation_forest,0.9999190076500144
2006,939.0,normal,0.5417017975580314
2007,1732.0,normal,0.5212947166401648
2008,66.0,normal,0.5217219146224623
2009,1324.0,normal,0.5096811485622338
2010,57.0,anomalies_isolation_forest,0.9758968486274461
2011,1293.0,normal,0.48581655375060934
2012,1119.0,normal,0.47121928288964693
2013,585.0,normal,0.49800741670327614
2015,276.0,normal,0.5068411148643701
2016,747.0,normal,0.5069349503297695
2017,129.0,normal,0.4953864683074298
2018,1647.0,normal,0.5402835055834138
2019,1853.0,normal,0.5197473585974605
2020,675.0,normal,0.5321622875514247
2021,1665.0,normal,0.5288174897880265
2022,,normal,0.3861566080332024
2023,1084.0,normal,0.4968667967688205
2025,100.0,normal,0.534695150855043
2026,1180.0,normal,0.5037211216678611
2027,965.0,normal,0.4929037199006862
2028,793.0,normal,0.520642809451567
2029,,normal,0.49469608754076744
2030,629.0,normal,0.5184572506679921
2031,945.0,normal,0.5381135175388093
2032,573.0,normal,0.5389544217538066
2033,908.0,normal,0.5491672771119283
2034,1081.0,normal,0.5106253251883168
2035,451.0,normal,0.5163578724823317
2037,1291.0,normal,0.5136722826038619
2038,1079.0,normal,0.5248054772412981
2039,255.0,normal,0.5154422985857376
2040,125.0,normal,0.5199186830059946
2041,1928.0,normal,0.5297318746377602
2042,252.0,normal,0.5317531828894778
2043,586.0,normal,0.5110324770293602
2045,825.0,normal,0.5168693174841723
2046,508.0,normal,0.5167439398038863
2047,890.0,normal,0.5245840159545447
2048,71.0,normal,0.5068499878614668
2049,1609.0,normal,0.5383191399088131
2050,1533.0,normal,0.49779254611532037
2051,,normal,0.5235713039844586
2052,1451.0,normal,0.5330046958454355
2053,213.0,normal,0.5174752148553989
2054,910.0,normal,0.49113200946211644
2055,1742.0,normal,0.5106207140616787
2056,1245.0,normal,0.514559621201528
2058,1183.0,normal,0.5280670624335371
2059,362.0,normal,0.5112822997352854
2060,1474.0,normal,0.5344324431097824
2061,679.0,normal,0.5236729830626223
2062,1622.0,normal,0.46442524646215366
2063,1090.0,normal,0.5052492552026269
2064,1988.0,normal,0.5075585036217645
2066,988.0,normal,0.5276501014677513
2067,1513.0,normal,0.5063984986692818
2068,112.0,normal,0.5206792598335164
2069,1488.0,normal,0.5536669416620709
2070,1454.0,normal,0.5302096221231849
2071,384.0,normal,0.5118344416948744
2072,1396.0,anomalies_isolation_forest,0.6262676968467614
2073,1055.0,normal,0.5533330923140793
2074,756.0,normal,0.5401504985131997
2075,325.0,normal,0.5123825282303235
2076,1624.0,normal,0.5366283404867682
2077,788.0,normal,0.5036809100314013
2078,369.0,normal,0.5279055389121271
2080,70.0,normal,0.5290351209523078
2081,858.0,normal,0.5524025158462056
2082,,normal,0.5274176989050295
2083,1556.0,normal,0.541945243516614
2084,,normal,0.5084418002789175
2085,1475.0,normal,0.4783323894544377
2086,1799.0,normal,0.5158052188110255
2087,479.0,normal,0.5078063132619051
2088,282.0,normal,0.5223973618047028
2089,1648.0,normal,0.5258067528713963
2090,1557.0,normal,0.517660878251911
2091,1730.0,normal,0.5301070937757505
2092,211.0,normal,0.533059481552566
2093,298.0,normal,0.5159778130111311
2095,1834.0,normal,0.5352583561266455
2096,652.0,normal,0.531889590903596
2097,1234.0,normal,0.47792304445123696
2098,1503.0,normal,0.5295741663151347
